{
  "schemaVersion": "wasm-benchmark/v1",
  "generatedAt": "2026-07-10T09:36:28.286Z",
  "workload": {
    "n": 4096,
    "steps": 400,
    "dt": 0.001,
    "rounds": 7,
    "interleaved": true
  },
  "node": "v26.3.0",
  "platform": "win32-x64",
  "jsMedianMs": 1957.3784000000014,
  "wasmMedianMs": 239.5126999999993,
  "speedup": 8.172336581734527,
  "wasmTrajectoryStepsPerSecond": 6840555.845264175,
  "jsTimesMs": [
    1005.0253999999998,
    1609.9466000000002,
    2012.9625999999998,
    2010.4189999999999,
    1957.3784000000014,
    1958.6327999999994,
    1931.9117000000006
  ],
  "wasmTimesMs": [
    142.8478,
    250.90990000000056,
    239.5126999999993,
    240.1201999999994,
    243.30279999999948,
    233.01580000000104,
    238.9969999999994
  ]
}
